platform_name,Facebook Ads,LinkedIn,Website
Facebook Ads,1.0,0.1807702476363136,0.0027711055564699416
LinkedIn,0.1807702476363136,1.0,0.015557167473201844
Website,0.0027711055564699416,0.015557167473201844,1.0
