day,value
Monday,0.0
Tuesday,0.0
Wednesday,0.1282051282051282
Thursday,0.10256410256410256
Friday,0.3076923076923077
Saturday,0.07692307692307693
Sunday,0.05128205128205128
