day,value
Monday,37.873728813559325
Tuesday,44.59514705882353
Wednesday,51.14472727272727
Thursday,26.486931818181816
Friday,43.7236
Saturday,35.36525423728814
Sunday,51.34146341463415
