day,value
Monday,62.29981981981982
Tuesday,100.09897993411202
Wednesday,41.13444444444444
Thursday,279.0639393939394
Friday,52.66535714285715
Saturday,16.333333333333332
Sunday,45.15358974358974
