day,value
Monday,657.3846808510639
Tuesday,758.9473913043479
Wednesday,671.9396808510638
Thursday,493.51808510638296
Friday,493.10734042553196
Saturday,247.85141304347823
Sunday,263.4232608695652
