day,value
Monday,0.05128205128205128
Tuesday,0.1794871794871795
Wednesday,1.0256410256410255
Thursday,0.05128205128205128
Friday,0.15384615384615385
Saturday,0.05128205128205128
Sunday,0.1794871794871795
