day,value
Monday,0.14814814814814814
Tuesday,1.7407407407407407
Wednesday,1.0416666666666667
Thursday,0.43137254901960786
Friday,1.2982456140350878
Saturday,0.0625
Sunday,0.40476190476190477
