day,value
Monday,35.7974213836478
Tuesday,45.5450641025641
Wednesday,55.783522012578615
Thursday,40.38775510204081
Friday,49.57981818181818
Saturday,25.715999999999998
Sunday,17.221317829457366
