day,value
Monday,5.068266666666667
Tuesday,5.182878787878788
Wednesday,7.181960784313725
Thursday,9.085151515151516
Friday,5.694404761904762
Saturday,1.3878333333333333
Sunday,7.235438596491228
