platform_name,Facebook Ads,Website
Facebook Ads,1.0,-0.038959756544974765
Website,-0.038959756544974765,1.0
