platform_name,Facebook Ads,Website
Facebook Ads,1.0,0.09309732393812406
Website,0.09309732393812406,1.0
