platform_name,Facebook Ads,Website
Facebook Ads,1.0,-0.007084588191589775
Website,-0.007084588191589775,1.0
