Client,Platform,Train Samples,Test Samples,Train MAE,Test MAE,Train R²,Test R²,Model Saved?
APT Foundation,Website,11,3,3998.8389055736016,104160.64561404765,0.7183079407355739,-0.34068465427337435,No
Care Coalition,Facebook Ads,8,3,735.8660128968254,1623.3938518518523,0.41259974314275394,0.04438739633914823,No
Calm Nola,Facebook Ads,7,3,2.1106564625850335,2.7912301587301585,0.45274740832535154,-0.05158728090726128,No
Calm Nola,Website,11,3,2140.5149045454277,8202.616250000165,0.9151220461323276,-2.550946057164294,No
STEP Learning Collaborative,Website,11,3,1997.7877909090857,8044.542066666665,0.8118381175247125,-0.17121472389800507,No
NYC TCTTAC,Website,11,3,6971.522620298001,43655.72755658128,0.5946191186122689,-0.125196502427795,No
Conscious Business Collaborative,Website,11,3,11395.918268181842,59935.37196666669,0.80922876061324,-1946.5582947011103,No
Parker Marketing,Website,11,3,595.2403727272733,1812.1895666666671,0.8443821212171939,-6.229265091745911,No
The Barbell Saves Project,Facebook Pages,7,2,39.01904761904762,137.41833333333332,0.9116848416427082,-1.6819350074690989,No
