day,value
Monday,19.250714285714285
Tuesday,11.647
Wednesday,32.292
Thursday,11.966470588235294
Friday,24.52125
Saturday,16.679285714285715
Sunday,95.0
