day,value
Monday,458.67186046511625
Tuesday,440.7217441860465
Wednesday,445.59488636363636
Thursday,424.9406818181818
Friday,507.21833333333336
Saturday,275.0570930232558
Sunday,227.13674418604649
