day,value
Monday,44.37307692307692
Tuesday,65.14064102564103
Wednesday,97.89794871794872
Thursday,60.727051282051285
Friday,65.9323076923077
Saturday,40.37102564102564
Sunday,20.267435897435895
