day,value
Monday,349.5
Tuesday,335.57142857142856
Wednesday,291.3888888888889
Thursday,313.8888888888889
Friday,331.95
Saturday,361.875
Sunday,364.1875
