day,value
Monday,977.5639743589743
Tuesday,550.8796153846154
Wednesday,54.65371794871795
Thursday,51.372564102564105
Friday,1271.7657692307694
Saturday,26.829358974358975
Sunday,35.05227272727272
