day,value
Monday,10.13888888888889
Tuesday,11.2
Wednesday,9.595238095238095
Thursday,15.666666666666666
Friday,18.666666666666668
Saturday,16.22222222222222
Sunday,8.696969696969697
