day,value
Monday,4226.222872340426
Tuesday,1145.9817391304348
Wednesday,1220.6441666666667
Thursday,1025.7060416666666
Friday,1023.6757142857143
Saturday,467.9339361702128
Sunday,482.6996808510638
