platform_name,Facebook Pages,Instagram,Website
Facebook Pages,1.0,-0.0395947325133099,-0.055713122164335875
Instagram,-0.0395947325133099,1.0,-0.02991026213282372
Website,-0.055713122164335875,-0.02991026213282372,1.0
