day,value
Monday,2351.3007100591717
Tuesday,632.1388622754491
Wednesday,814.4533333333334
Thursday,644.2526797385622
Friday,612.7316463414635
Saturday,291.73072847682124
Sunday,341.6448872180451
