day,value
Monday,250.09416666666667
Tuesday,189.58249999999998
Wednesday,216.1833333333333
Thursday,131.03333333333333
Friday,140.75055555555556
Saturday,151.70777777777778
Sunday,203.86166666666668
