day,value
Monday,454.77374999999995
Tuesday,256.6207738095238
Wednesday,27.28049382716049
Thursday,24.836727272727273
Friday,591.1379761904763
Saturday,12.843690476190474
Sunday,16.406000000000002
