day,value
Monday,213.98192307692307
Tuesday,1064.6464102564103
Wednesday,154.875
Thursday,1779.4612820512823
Friday,176.48097222222225
Saturday,11.09590909090909
Sunday,29.26388888888889
