day,value
Monday,262.4186842105263
Tuesday,194.61624365482234
Wednesday,292.61134969325155
Thursday,192.18934673366834
Friday,224.323
Saturday,162.91447368421052
Sunday,159.60608
